{
  "project_info": {
    "project_number": "687523043563",
    "project_id": "fir-be2f1",
    "storage_bucket": "fir-be2f1.appspot.com"
  },
  "client": [
    {
      "client_info": {
        "mobilesdk_app_id": "1:687523043563:android:80f0c307fa516d692646ae",
        "android_client_info": {
          "package_name": "com.example.firebase"
        }
      },
      "oauth_client": [],
      "api_key": [
        {
          "current_key": "AIzaSyAWzIeZxSFxRsBf5yyNrQFuaIlSQROQlV4"
        }
      ],
      "services": {
        "appinvite_service": {
          "other_platform_oauth_client": []
        }
      }
    }
  ],
  "configuration_version": "1"
}